ID,Prediction_musk
5279,1
5280,0
5281,0
5282,0
5283,0
5284,1
5285,0
5286,0
5287,0
5288,1
5289,0
5290,0
5291,0
5292,0
5293,0
5294,0
5295,0
5296,1
5297,0
5298,0
5299,0
5300,0
5301,0
5302,0
5303,1
5304,0
5305,0
5306,0
5307,0
5308,0
5309,0
5310,0
5311,0
5312,0
5313,1
5314,0
5315,0
5316,0
5317,0
5318,0
5319,0
5320,0
5321,0
5322,0
5323,0
5324,0
5325,0
5326,0
5327,0
5328,0
5329,0
5330,0
5331,0
5332,0
5333,0
5334,0
5335,0
5336,1
5337,0
5338,0
5339,0
5340,0
5341,0
5342,0
5343,0
5344,0
5345,0
5346,1
5347,0
5348,0
5349,0
5350,0
5351,0
5352,0
5353,0
5354,0
5355,0
5356,0
5357,0
5358,0
5359,0
5360,0
5361,0
5362,0
5363,0
5364,0
5365,0
5366,0
5367,0
5368,0
5369,0
5370,1
5371,0
5372,1
5373,0
5374,0
5375,0
5376,0
5377,0
5378,0
5379,1
5380,1
5381,0
5382,0
5383,0
5384,0
5385,0
5386,0
5387,0
5388,1
5389,0
5390,1
5391,0
5392,0
5393,0
5394,0
5395,0
5396,1
5397,0
5398,0
5399,1
5400,0
5401,0
5402,0
5403,0
5404,1
5405,0
5406,0
5407,1
5408,0
5409,0
5410,0
5411,0
5412,0
5413,0
5414,1
5415,1
5416,0
5417,1
5418,1
5419,0
5420,0
5421,0
5422,0
5423,0
5424,0
5425,0
5426,1
5427,1
5428,0
5429,0
5430,0
5431,0
5432,0
5433,0
5434,0
5435,0
5436,1
5437,1
5438,0
5439,0
5440,1
5441,1
5442,1
5443,0
5444,0
5445,0
5446,0
5447,0
5448,0
5449,1
5450,0
5451,1
5452,0
5453,0
5454,1
5455,0
5456,0
5457,0
5458,0
5459,1
5460,0
5461,0
5462,0
5463,0
5464,0
5465,0
5466,1
5467,0
5468,0
5469,0
5470,0
5471,0
5472,1
5473,1
5474,0
5475,0
5476,0
5477,0
5478,0
5479,0
5480,0
5481,0
5482,0
5483,0
5484,0
5485,0
5486,0
5487,1
5488,0
5489,1
5490,0
5491,1
5492,0
5493,0
5494,0
5495,1
5496,0
5497,0
5498,0
5499,0
5500,0
5501,0
5502,1
5503,0
5504,0
5505,0
5506,0
5507,0
5508,0
5509,0
5510,0
5511,0
5512,0
5513,0
5514,0
5515,0
5516,0
5517,1
5518,0
5519,0
5520,0
5521,0
5522,0
5523,0
5524,0
5525,1
5526,0
5527,0
5528,0
5529,0
5530,0
5531,1
5532,0
5533,1
5534,1
5535,0
5536,0
5537,0
5538,0
5539,0
5540,0
5541,1
5542,0
5543,0
5544,0
5545,0
5546,0
5547,0
5548,0
5549,0
5550,0
5551,0
5552,1
5553,0
5554,0
5555,0
5556,0
5557,0
5558,0
5559,0
5560,0
5561,0
5562,1
5563,0
5564,1
5565,0
5566,0
5567,0
5568,0
5569,0
5570,0
5571,0
5572,0
5573,0
5574,0
5575,0
5576,1
5577,0
5578,0
5579,0
5580,0
5581,0
5582,0
5583,0
5584,0
5585,1
5586,0
5587,0
5588,1
5589,0
5590,1
5591,0
5592,0
5593,0
5594,0
5595,0
5596,0
5597,0
5598,0
5599,0
5600,0
5601,0
5602,0
5603,0
5604,0
5605,0
5606,0
5607,1
5608,0
5609,0
5610,0
5611,0
5612,0
5613,0
5614,0
5615,0
5616,0
5617,0
5618,0
5619,0
5620,0
5621,0
5622,0
5623,1
5624,0
5625,1
5626,1
5627,0
5628,0
5629,1
5630,0
5631,0
5632,0
5633,0
5634,0
5635,0
5636,0
5637,1
5638,0
5639,0
5640,0
5641,0
5642,0
5643,0
5644,0
5645,0
5646,0
5647,0
5648,0
5649,0
5650,0
5651,0
5652,1
5653,0
5654,0
5655,1
5656,0
5657,1
5658,0
5659,0
5660,0
5661,0
5662,0
5663,0
5664,1
5665,0
5666,0
5667,0
5668,0
5669,0
5670,0
5671,0
5672,0
5673,0
5674,0
5675,0
5676,0
5677,0
5678,1
5679,0
5680,0
5681,0
5682,0
5683,0
5684,0
5685,0
5686,0
5687,0
5688,0
5689,0
5690,0
5691,0
5692,0
5693,0
5694,0
5695,0
5696,0
5697,0
5698,1
5699,0
5700,0
5701,0
5702,0
5703,0
5704,0
5705,0
5706,0
5707,1
5708,0
5709,0
5710,0
5711,1
5712,0
5713,0
5714,0
5715,0
5716,0
5717,0
5718,0
5719,0
5720,0
5721,0
5722,1
5723,0
5724,0
5725,0
5726,0
5727,0
5728,0
5729,1
5730,0
5731,0
5732,0
5733,0
5734,0
5735,0
5736,0
5737,0
5738,0
5739,0
5740,0
5741,1
5742,1
5743,0
5744,0
5745,0
5746,0
5747,0
5748,0
5749,0
5750,0
5751,1
5752,0
5753,0
5754,0
5755,0
5756,0
5757,1
5758,0
5759,0
5760,1
5761,0
5762,0
5763,0
5764,0
5765,0
5766,0
5767,1
5768,0
5769,1
5770,0
5771,0
5772,1
5773,0
5774,1
5775,0
5776,0
5777,0
5778,1
5779,0
5780,1
5781,0
5782,0
5783,1
5784,0
5785,1
5786,0
5787,0
5788,0
5789,0
5790,0
5791,0
5792,1
5793,0
5794,0
5795,0
5796,0
5797,0
5798,1
5799,0
5800,1
5801,0
5802,0
5803,1
5804,0
5805,0
5806,1
5807,0
5808,0
5809,0
5810,1
5811,0
5812,0
5813,0
5814,0
5815,0
5816,0
5817,0
5818,1
5819,0
5820,0
5821,0
5822,0
5823,0
5824,0
5825,0
5826,0
5827,0
5828,0
5829,0
5830,1
5831,0
5832,0
5833,0
5834,0
5835,0
5836,0
5837,0
5838,0
5839,1
5840,0
5841,0
5842,0
5843,0
5844,0
5845,0
5846,0
5847,0
5848,0
5849,1
5850,0
5851,0
5852,0
5853,1
5854,0
5855,0
5856,0
5857,0
5858,0
5859,0
5860,0
5861,1
5862,0
5863,0
5864,1
5865,0
5866,0
5867,0
5868,0
5869,0
5870,0
5871,0
5872,0
5873,0
5874,1
5875,0
5876,1
5877,0
5878,0
5879,0
5880,0
5881,0
5882,0
5883,0
5884,0
5885,1
5886,0
5887,0
5888,0
5889,0
5890,0
5891,0
5892,0
5893,0
5894,0
5895,0
5896,0
5897,1
5898,0
5899,0
5900,0
5901,0
5902,0
5903,0
5904,0
5905,0
5906,0
5907,0
5908,0
5909,0
5910,0
5911,1
5912,0
5913,0
5914,0
5915,0
5916,0
5917,0
5918,0
5919,0
5920,1
5921,1
5922,0
5923,0
5924,0
5925,0
5926,0
5927,0
5928,0
5929,1
5930,0
5931,0
5932,0
5933,0
5934,0
5935,0
5936,0
5937,1
5938,0
5939,0
5940,0
5941,1
5942,0
5943,1
5944,0
5945,0
5946,0
5947,0
5948,0
5949,0
5950,0
5951,0
5952,0
5953,0
5954,0
5955,0
5956,0
5957,0
5958,0
5959,0
5960,0
5961,0
5962,0
5963,0
5964,0
5965,0
5966,0
5967,0
5968,0
5969,0
5970,0
5971,0
5972,1
5973,0
5974,0
5975,0
5976,0
5977,0
5978,0
5979,0
5980,1
5981,1
5982,0
5983,0
5984,0
5985,0
5986,0
5987,0
5988,0
5989,0
5990,0
5991,0
5992,0
5993,0
5994,0
5995,0
5996,0
5997,0
5998,0
5999,0
6000,0
6001,0
6002,0
6003,1
6004,0
6005,1
6006,1
6007,0
6008,0
6009,0
6010,0
6011,0
6012,1
6013,0
6014,0
6015,1
6016,1
6017,1
6018,1
6019,0
6020,0
6021,0
6022,1
6023,0
6024,0
6025,1
6026,0
6027,0
6028,1
6029,0
6030,0
6031,0
6032,0
6033,1
6034,1
6035,0
6036,0
6037,0
6038,0
6039,0
6040,0
6041,0
6042,0
6043,0
6044,0
6045,1
6046,0
6047,1
6048,0
6049,1
6050,0
6051,0
6052,0
6053,0
6054,0
6055,0
6056,1
6057,0
6058,0
6059,0
6060,0
6061,0
6062,0
6063,0
6064,0
6065,0
6066,0
6067,0
6068,0
6069,0
6070,1
6071,0
6072,0
6073,1
6074,0
6075,0
6076,0
6077,0
6078,0
6079,0
6080,0
6081,0
6082,0
6083,1
6084,0
6085,0
6086,0
6087,0
6088,0
6089,0
6090,0
6091,0
6092,0
6093,0
6094,0
6095,0
6096,1
6097,0
6098,1
6099,0
6100,1
6101,0
6102,0
6103,0
6104,0
6105,0
6106,1
6107,0
6108,0
6109,0
6110,0
6111,0
6112,0
6113,0
6114,0
6115,0
6116,1
6117,0
6118,0
6119,0
6120,0
6121,0
6122,0
6123,0
6124,1
6125,0
6126,1
6127,0
6128,0
6129,0
6130,0
6131,1
6132,0
6133,0
6134,0
6135,1
6136,0
6137,0
6138,1
6139,0
6140,0
6141,0
6142,0
6143,0
6144,0
6145,0
6146,0
6147,0
6148,0
6149,0
6150,0
6151,0
6152,0
6153,0
6154,0
6155,0
6156,0
6157,0
6158,1
6159,0
6160,0
6161,0
6162,0
6163,0
6164,0
6165,0
6166,0
6167,0
6168,0
6169,0
6170,0
6171,0
6172,0
6173,0
6174,0
6175,1
6176,0
6177,0
6178,0
6179,0
6180,1
6181,1
6182,0
6183,0
6184,1
6185,0
6186,0
6187,0
6188,0
6189,0
6190,1
6191,0
6192,0
6193,0
6194,0
6195,0
6196,0
6197,0
6198,0
6199,0
6200,0
6201,0
6202,1
6203,0
6204,0
6205,0
6206,0
6207,0
6208,0
6209,0
6210,0
6211,0
6212,0
6213,0
6214,0
6215,0
6216,0
6217,0
6218,1
6219,0
6220,0
6221,0
6222,0
6223,0
6224,0
6225,0
6226,1
6227,0
6228,0
6229,0
6230,0
6231,0
6232,0
6233,0
6234,1
6235,0
6236,0
6237,0
6238,0
6239,0
6240,1
6241,0
6242,0
6243,0
6244,0
6245,0
6246,0
6247,0
6248,0
6249,0
6250,0
6251,0
6252,0
6253,0
6254,0
6255,0
6256,0
6257,0
6258,0
6259,0
6260,0
6261,0
6262,0
6263,0
6264,1
6265,0
6266,0
6267,0
6268,0
6269,0
6270,0
6271,0
6272,0
6273,0
6274,0
6275,0
6276,0
6277,0
6278,0
6279,0
6280,0
6281,1
6282,1
6283,0
6284,0
6285,0
6286,0
6287,0
6288,0
6289,0
6290,0
6291,0
6292,0
6293,0
6294,1
6295,0
6296,0
6297,0
6298,0
6299,1
6300,1
6301,0
6302,0
6303,0
6304,0
6305,0
6306,1
6307,0
6308,1
6309,0
6310,0
6311,0
6312,0
6313,0
6314,1
6315,1
6316,0
6317,0
6318,0
6319,0
6320,0
6321,0
6322,0
6323,0
6324,0
6325,0
6326,1
6327,0
6328,0
6329,0
6330,0
6331,0
6332,0
6333,1
6334,0
6335,0
6336,1
6337,0
6338,1
6339,0
6340,0
6341,0
6342,0
6343,0
6344,0
6345,0
6346,0
6347,0
6348,0
6349,0
6350,0
6351,0
6352,0
6353,0
6354,0
6355,0
6356,0
6357,0
6358,0
6359,0
6360,0
6361,0
6362,1
6363,0
6364,0
6365,1
6366,1
6367,0
6368,1
6369,1
6370,0
6371,0
6372,0
6373,0
6374,0
6375,0
6376,0
6377,1
6378,0
6379,0
6380,0
6381,0
6382,0
6383,1
6384,0
6385,0
6386,1
6387,0
6388,0
6389,0
6390,0
6391,0
6392,0
6393,1
6394,0
6395,0
6396,0
6397,0
6398,0
6399,0
6400,1
6401,0
6402,0
6403,0
6404,0
6405,0
6406,0
6407,1
6408,0
6409,1
6410,0
6411,0
6412,0
6413,0
6414,0
6415,0
6416,0
6417,1
6418,0
6419,0
6420,0
6421,0
6422,0
6423,0
6424,0
6425,0
6426,0
6427,0
6428,0
6429,0
6430,0
6431,0
6432,0
6433,0
6434,0
6435,0
6436,0
6437,0
6438,0
6439,1
6440,0
6441,0
6442,0
6443,1
6444,0
6445,1
6446,1
6447,0
6448,0
6449,0
6450,0
6451,0
6452,0
6453,0
6454,0
6455,0
6456,0
6457,0
6458,0
6459,0
6460,0
6461,1
6462,0
6463,0
6464,0
6465,0
6466,0
6467,0
6468,0
6469,0
6470,1
6471,0
6472,0
6473,0
6474,0
6475,0
6476,0
6477,0
6478,1
6479,0
6480,0
6481,0
6482,0
6483,1
6484,0
6485,0
6486,1
6487,0
6488,1
6489,0
6490,0
6491,0
6492,0
6493,0
6494,0
6495,0
6496,0
6497,1
6498,1
6499,0
6500,0
6501,1
6502,0
6503,1
6504,0
6505,0
6506,0
6507,0
6508,1
6509,0
6510,1
6511,0
6512,0
6513,0
6514,0
6515,0
6516,0
6517,1
6518,0
6519,0
6520,0
6521,0
6522,0
6523,0
6524,0
6525,1
6526,0
6527,0
6528,0
6529,0
6530,0
6531,0
6532,0
6533,0
6534,0
6535,0
6536,0
6537,1
6538,1
6539,0
6540,0
6541,0
6542,0
6543,0
6544,0
6545,1
6546,0
6547,0
6548,0
6549,0
6550,0
6551,0
6552,0
6553,0
6554,0
6555,0
6556,1
6557,1
6558,0
6559,0
6560,0
6561,0
6562,0
6563,0
6564,0
6565,0
6566,1
6567,1
6568,0
6569,1
6570,0
6571,0
6572,0
6573,1
6574,0
6575,0
6576,0
6577,0
6578,0
6579,0
6580,0
6581,1
6582,0
6583,0
6584,0
6585,0
6586,0
6587,0
6588,1
6589,0
6590,0
6591,0
6592,0
6593,0
6594,0
6595,0
6596,0
6597,0
6598,0
